Item Name,Qty,Price (total) (USD),Example item link,Notes
waveshare 13353,1,$35.47,https://pl.aliexpress.com/item/1005004260969887.html,I bought it from local reseller for cheaper so I reccomend to look for cheaper options then aliexpress
xiao seed esp32 s3,1,$12.88,https://pl.aliexpress.com/item/1005012775225959.html,It's important to buy board with integrated li-po battery charging.
100k ohm resistor + 220k ohm resistor,1,-,-,You can skip these if reporting battery charge level isn't important for you.
1500mAh 3.7V Li-Pol battery (50x34x8mm),1,$6.30,https://pl.aliexpress.com/item/1005008334647452.html,
8x8mm locking button,1,$1.46,https://pl.aliexpress.com/item/1005005959433891.html,The price is for 10 pcs
92x70x1.5mm polycarbonate sheet,1,$8.89,https://pl.aliexpress.com/item/1005009018470808.html,"This is 100x100mm one, you will need tools to cut it to size"
,,,,
,,,,
,,,,
,,,,
,,,,
,,,,
,,,,
,,,,
,,,,
,,,,
,,,,
,,,,
,,,,
Total Price (USD):,$65.00,,,